id,litter,date_of_birth,diet_switch,age,cohort,sex,diet,EI_0,EI_1,EI_2,EI_3,EI_4,EI_5,EI_6,EI_7,EI_8,EI_9,EI_10,EI_11,EI_12,EI_13,EI_14,EI_15,EI_16,EI_17,EI_18,EI_19,EI_20,EI_21,EI_22,EI_23,EI_24,EI_25,EI_26,EI_27,EI_28,EI_29,EI_30,EI_31,EI_32,EI_33,EI_34,EI_35,EI_36,EI_37,EI_38,EI_39,EI_40,EI_41,EI_42,EI_43,EI_44,EI_45,EI_46,EI_47,EI_48,EI_49,EI_50,EI_51,EI_52,EI_53,BW_0,BW_1,BW_2,BW_3,BW_4,BW_5,BW_6,BW_7,BW_8,BW_9,BW_10,BW_11,BW_12,BW_13,BW_14,BW_15,BW_16,BW_17,BW_18,BW_19,BW_20,BW_21,BW_22,BW_23,BW_24,BW_25,BW_26,BW_27,BW_28,BW_29,BW_30,BW_31,BW_32,BW_33,BW_34,BW_35,BW_36,BW_37,BW_38,BW_39,BW_40,BW_41,BW_42,BW_43,BW_44,BW_45,BW_46,BW_47,BW_48,BW_49,BW_50,BW_51,BW_52,BW_53,FM_m7,FM_53,LM_m7,LM_53,arm_entries,spontaneous_alternations,arc_hema_area_avg,arc_hema_area_sd,arc_hema_area_cv,arc_iba1_number_avg,arc_iba1_number_sd,arc_iba1_number_cv,arc_iba1_density_avg,arc_iba1_density_sd,arc_iba1_density_cv,arc_slices_counted,ca1_hema_area_avg,ca1_hema_area_sd,ca1_hema_area_cv,ca1_iba1_number_avg,ca1_iba1_number_sd,ca1_iba1_number_cv,ca1_iba1_density_avg,ca1_iba1_density_sd,ca1_iba1_density_cv,ca1_slices_counted
1,103,5/29/2021,9/15/2021,109,0,1,0,43.4,68.2,57.35,66.03,50.53,62.31,81.53,73.47,60.14,71.61,70.99,75.33,61.38,63.24,75.64,70.99,54.87,60.76,71.61,68.51,41.54,60.14,74.4,74.4,52.39,70.06,75.95,69.13,56.11,59.52,68.82,67.89,54.25,59.83,70.99,73.47,54.56,70.99,70.68,70.06,51.46,63.55,64.17,73.16,49.6,60.14,65.72,71.61,59.52,51.77,69.44,65.72,48.67,57.04,272.4,276.6,284.6,282.5,278.6,282.2,292.7,291.4,287.9,288.7,293.1,293.4,290.9,292.3,296.6,297.5,293.9,296.5,296.7,296.6,292.3,296.2,301.2,302.9,296.7,297.5,302.3,308,302.6,304.2,306.8,305.3,301.4,304.4,307.6,310.7,306.5,310.6,313.2,312.7,309.5,312.4,311.9,316.5,309.7,309.8,316.1,315.1,314.1,313.5,317.4,316.3,312.9,315.8,NA,NA,NA,NA,7,57,697653.8936666667,48703.209613890474,6.980998752536236,212,57.688820407423826,27.21170773935086,7687.909031788992,2456.7455174669794,31.95596497446185,3,1090262.768,13582.050314483817,1.2457593447310875,251.66666666666666,82.68212221111244,32.85382339514402,5786.945750285436,1966.8775338119185,33.98817992573896,3
2,110,5/28/2021,9/15/2021,110,0,1,0,31.93,46.19,48.67,56.11,41.54,54.56,52.39,62,52.08,50.53,39.68,59.83,54.87,56.42,47.12,54.25,46.5,50.53,62,53.63,44.33,46.5,51.77,47.43,57.97,47.12,56.42,55.49,55.49,37.2,50.22,55.49,63.55,61.38,55.8,50.22,54.56,59.52,49.6,50.22,50.22,50.22,54.25,57.97,50.22,53.01,58.9,56.42,50.22,53.01,51.77,61.07,53.94,44.02,257.6,254.2,263.1,263,258.1,260.8,263.7,265.6,264.3,259.7,257.2,262.4,266.7,263.9,264.4,266.2,266.1,268.1,271,266.7,265.1,265.5,266.2,265.3,266.1,266.9,267,271,272,267.3,268.1,269.2,273.2,273.8,273.4,273.4,278.2,277.4,273.1,274.2,271.8,274.8,276.9,279.8,279.7,279.8,282.7,284.1,281.6,285.4,281.9,289.8,288.4,284.3,NA,NA,NA,NA,8,63,591177.4555,132832.98604935556,22.469223887607388,189,41.56119985435133,21.99005283299012,8102.750367372057,1625.654309957959,20.06299387556232,4,1096139.42725,34417.468812484396,3.1398805623506414,99,42.71611717685336,43.147593107932686,2277.7375775731243,1045.2529226327306,45.889962606948906,4
3,104,5/28/2021,9/15/2021,110,0,1,0,44.64,42.47,53.01,58.28,50.84,51.77,56.42,66.96,64.17,58.9,42.16,53.94,55.49,54.56,57.97,55.8,39.68,63.55,55.8,57.35,49.91,51.46,55.18,63.24,56.42,50.53,49.29,48.05,57.04,53.94,48.36,53.63,60.76,63.86,60.76,42.78,48.05,61.38,53.63,58.9,49.91,51.15,53.63,57.66,56.73,49.91,50.22,56.42,56.11,53.94,46.81,54.25,46.19,52.08,259.3,258.3,267.3,267.4,265.4,265.4,268,274.1,275.1,268.6,268.1,270.1,273.8,272.9,273.8,273.2,272.8,277.2,276.7,275.3,276.4,278.2,281.3,283.6,280.6,280.4,280.7,282.8,285.3,283.8,281,288.6,290.6,290.7,290.5,286.2,290.9,295.5,293.7,291.6,287.6,291.8,296.4,298.5,299.6,296,298.9,297.4,299.2,295.7,294.3,297.3,296.6,299.6,NA,NA,NA,NA,10,30,789186.80675,85024.62122686984,10.773700282321636,315.5,126.35531910713797,40.049229510978755,10171.100792491095,4122.559838019897,40.53209108952507,4,1054434.845,93105.78146055585,8.829922673937796,323.6666666666667,108.8362684647601,33.62603557098664,7876.486645492015,3448.827280548426,43.786366127114675,3
4,106,5/28/2021,9/15/2021,110,0,1,0,75.95,71.61,76.26,55.8,53.32,77.81,65.72,74.71,60.45,64.17,64.48,74.09,42.47,75.64,67.58,76.57,79.36,69.75,74.71,61.69,71.3,79.36,89.9,69.44,84.01,81.53,76.88,74.71,81.22,81.22,79.67,79.98,84.94,72.23,79.98,75.02,84.94,65.1,64.79,60.45,66.03,69.75,70.68,52.39,58.59,63.55,67.89,74.09,72.85,63.86,66.03,68.2,63.55,61.69,298.8,300.6,313.3,308.5,303.2,308.7,309.7,312.8,309.8,308.2,305.5,308.3,296.5,310.4,311.8,313.7,317.4,323.4,321.9,319.9,324.6,325.6,333.5,327.5,330.2,332.6,334.3,339.1,341.7,344.8,345.3,349.5,348.4,347.3,348.5,351.8,359.2,353.8,351.4,351.9,353.8,357.5,356,351.3,354,355.1,356.2,357.2,363,359.2,357,362.5,362.9,364.6,NA,NA,NA,NA,NA,NA,413865.50766666664,106996.95392385597,25.853073508612585,182,37.986839826445156,20.871890014530305,11081.507713881616,651.7255206904796,5.881198998526836,3,1093043.3583333334,16968.27237722183,1.5523878579798482,101.66666666666667,20.79262689833426,20.45176416229599,2324.7587578388866,473.14701442359984,20.352521001509892,3
5,102,5/27/2021,9/15/2021,111,0,1,0,64.17,41.85,61.07,73.16,66.96,58.9,62.93,71.92,86.8,57.66,60.14,71.92,83.39,66.65,68.2,81.84,73.78,62,71.61,78.43,65.72,66.96,69.44,76.57,80.29,60.45,60.76,69.13,66.96,64.79,69.44,68.51,78.74,84.01,74.71,75.95,77.19,78.12,75.95,81.22,85.56,81.22,84.01,74.71,81.22,88.66,89.59,88.35,88.04,86.18,83.39,84.01,76.26,70.37,276.2,274.9,283.5,283.4,283.5,282.2,286.7,288.6,289.7,284.2,285.8,290.2,284.1,291,295.9,300.3,298.2,294.5,297.6,303.7,300.6,301,302.7,309.4,306.4,305.9,300.6,305.5,307.2,308.7,308.8,311.7,310.5,315.6,314.3,317.6,321.1,323.1,323.7,327.5,329.5,331.7,323.1,335.7,336.3,339.4,342.6,347.2,350,351.6,351.4,354.7,351.7,356.7,NA,NA,NA,NA,11,82,573773.7388333334,66660.48737813113,11.6179049103351,319,95.38972691018672,29.90273570852248,13880.117244170036,3518.2393022112997,25.347331296419988,6,1095814.30575,34218.5249927233,3.122657261651952,255.5,107.36076254075944,42.01986792201935,5886.642664572595,2679.116869659647,45.511797170623176,4
6,107,5/27/2021,9/15/2021,111,0,1,0,75.95,71.61,43.71,75.33,68.51,80.29,78.12,56.73,71.92,79.36,80.91,60.45,49.91,75.64,66.34,76.26,84.63,48.67,58.59,70.06,62,70.37,63.24,66.34,67.58,56.11,53.01,64.79,65.41,48.36,101.06,71.61,66.65,58.59,74.4,65.1,57.35,54.56,55.8,61.69,72.54,63.55,57.97,61.38,62,71.3,57.04,52.39,61.38,70.06,72.23,60.76,56.42,49.91,282.5,283.9,286.2,291,293.1,296.6,294.5,292.3,294.6,296.3,301.6,297.4,296.3,298.8,300.6,301.1,303.7,299.4,302.4,302.8,300.7,304.3,306.4,308.2,305.6,305,301.6,306.2,309.7,312.3,315.2,314.5,313.7,312.9,317.4,319.3,316.5,314.7,315.3,318.2,320.1,320.4,317.2,319.3,320.8,323.3,320.2,318.7,323.4,326.6,326,323.9,322.8,321.4,NA,NA,NA,NA,8,50,686466.00975,72033.61192196666,10.493398201638586,364.75,201.79093967106982,55.32308147253456,12988.245559335028,6226.752893133278,47.9414472469527,4,906343.862,71129.76034133347,7.847988310349861,264.5,54.0277706369604,20.426378312650435,7280.5972185377395,1214.0358690444098,16.674948944480146,4
7,103,5/29/2021,9/15/2021,109,0,1,2,51.77,128.38,77.91,97.02,38.22,81.34,85.26,73.99,46.06,79.87,75.46,76.93,56.84,66.64,68.6,73.5,42.14,81.83,56.84,68.6,45.08,58.8,70.56,69.09,65.17,60.76,73.5,55.37,61.74,58.8,60.76,69.58,68.11,53.9,72.52,69.58,58.8,48.02,60.27,65.66,77.42,82.81,23.03,61.74,63.21,71.54,47.53,69.58,63.7,58.8,52.43,58.31,55.37,60.76,280.9,284.5,292.1,297.2,287.9,293.9,300.9,301.6,295.2,299.5,301.4,305.5,303.2,305.3,308.7,311.3,305.7,311.3,311.1,313.2,307.5,310.8,314.8,315.8,314.8,315,318.3,320.1,318.7,321.5,322.1,325.4,325.4,325.2,330.8,331,329.2,325.2,329.2,332.8,334.4,332.5,330.6,334.6,336.5,337.6,334.7,340.7,339.7,338.7,338.7,339.3,341.4,340.8,NA,NA,NA,NA,8,75,570787.086,178659.44479988073,31.300540811443785,172,58.48076606885378,34.00044538886848,7999.40378581651,3377.2177927285848,42.21836880789319,4,1108657.469,7882.4215394134435,0.7109879976295405,171,50.47771785649585,29.519133249412775,3860.4136816070577,1161.350775927456,30.08358356672271,3
8,110,5/28/2021,9/15/2021,110,0,1,2,54.56,129.36,81.34,67.13,70.07,85.26,75.95,66.64,67.13,88.2,72.52,54.39,71.05,80.85,68.11,58.8,49.98,70.07,73.01,75.95,57.82,40.18,60.27,78.89,79.38,60.76,54.39,55.86,58.8,63.21,51.45,39.2,62.23,72.03,54.88,50.47,40.18,60.27,60.76,67.13,62.72,45.08,48.51,56.84,71.05,51.94,42.63,60.76,49.98,60.27,76.44,45.08,52.92,54.88,268.7,259.2,277.5,274.7,277.7,284.3,286.2,285.8,286.7,291.8,291.7,289,296.8,298.7,290.1,298.4,296.9,302.1,304.2,307.7,306.8,301.9,307.4,312.4,311.9,312,306.2,310.4,312.2,314.5,311.4,307.8,311.3,313.8,313.6,313.2,308.9,311.5,312.5,315.8,315.7,314,313.7,313.7,319.6,316.6,314.1,317.7,317.1,318.3,322.3,319.1,318,319.1,NA,NA,NA,NA,12,75,611617.68175,93138.81539525877,15.228273834197203,119.25,7.847504911329036,6.580716906774874,4946.846985375391,688.7893279344522,13.923805000857199,4,992859.60175,164952.253225444,16.613854862732005,108.25,45.38997686714546,41.93069456549234,2725.5945041465056,980.973009052645,35.99115743593809,4
9,104,5/28/2021,9/15/2021,110,0,1,2,68.82,196,69.09,86.73,49,85.26,72.52,80.85,63.7,83.79,84.28,88.2,70.56,50.96,64.68,56.35,49.98,61.74,62.72,75.95,39.2,48.02,62.23,61.74,53.9,44.59,46.55,54.88,47.53,41.65,52.43,66.64,48.02,54.88,55.37,67.62,46.06,74.97,55.37,62.23,64.19,53.9,49,61.25,83.3,56.35,59.29,70.07,45.08,52.43,63.7,63.7,41.16,51.94,269.7,270.5,277.8,278.5,277.4,284.1,287.5,289.1,285.8,289.3,295.1,294,294.4,294.6,297.3,295,293,295.2,295.6,298.6,294.1,293.5,297.6,295.4,292.5,292.8,288.7,293.3,292.8,290,291.4,294,290.5,291.7,294.9,297.5,294.4,296.8,298.3,299.1,299.7,303.1,299.9,302.3,303.4,302.3,305.3,306.5,304.5,306.2,307.8,309.4,305.4,304.5,NA,NA,NA,NA,9,67,567893.96925,108337.17796712823,19.077008003836664,146,14.696938456699069,10.06639620321854,6625.428333687509,1515.5854075483046,22.875281886941437,4,1107939.7845,3730.1402987170527,0.3366735585183829,172.5,40.30508652763321,23.365267552251133,3890.8506442466196,896.3607574166293,23.037655242358717,2
10,106,5/28/2021,9/15/2021,110,0,1,2,55.8,81.83,67.13,54.88,68.11,63.7,56.84,54.88,67.62,76.44,53.9,53.41,54.88,57.82,57.33,47.04,46.55,64.68,58.31,58.8,46.06,49.49,54.39,47.53,65.66,51.94,52.43,58.31,64.19,49.98,47.53,62.23,65.66,56.84,83.3,46.55,48.51,61.74,57.82,42.63,56.35,41.65,49.98,51.94,49.98,49,43.61,62.23,51.94,53.9,51.45,56.35,42.63,56.35,252.1,249.5,254.1,254.7,255.6,257.6,258.7,259,261.1,262.9,262.9,262.5,263.7,264.5,266.9,264.6,263.8,267.8,267.3,266.2,265.3,296.3,267.1,266.8,268,268.3,267.6,272.3,273.5,272.2,272.9,275,276.4,276.3,276.9,275.4,275.9,278,277.6,277.5,276.7,278.9,276.7,279,277.4,275.9,277.1,280.7,280.5,281.4,280.5,282.4,280.7,282.9,NA,NA,NA,NA,11,55,732155.4705,74404.78772422778,10.162430074232134,618.5,105.79697538209682,17.10541234957103,21053.66597279355,2018.2062685120104,9.586008779278739,4,907814.293,34699.42210830686,3.822304008195084,485.5,203.68030505345052,41.952688991441924,13242.38464170868,5196.091301384778,39.238335405384504,4
11,111,5/29/2021,9/15/2021,109,0,1,2,65.72,137.2,79.87,71.05,77.91,79.38,73.99,83.79,86.24,89.67,68.11,68.6,90.16,84.28,73.99,77.42,65.17,49,68.6,74.97,62.23,57.33,59.78,57.82,80.85,58.8,57.82,62.72,62.23,64.19,59.78,51.94,62.72,69.58,62.72,71.54,63.21,60.27,55.86,64.68,68.6,80.85,66.64,60.27,69.58,71.05,79.38,64.19,76.93,65.17,81.34,63.21,73.01,67.62,267.8,266.4,273.8,276.9,278.6,278.9,285,287.8,291.3,291.4,291.9,294,300.3,306.5,308.4,309.7,308.2,308.7,312.7,313.3,315.1,313.4,316.5,316,320.1,320.9,321.5,326.4,327.4,326.4,324.5,324.1,327.4,332,331.8,334,333.7,334.2,335.1,338.6,340.3,348,346.2,345.4,349.2,350.3,355.1,357.2,360.7,360,365.7,364.8,367.4,367.7,NA,NA,NA,NA,6,67,700465.2864999999,114731.40179496616,16.379313008963248,253.25,10.404326023342406,4.108322220470842,9204.199406540662,1389.860682156985,15.100288691804376,4,1106665.35225,13118.319634835514,1.1853917363694633,114.5,22.92742171869019,20.023949099292743,2588.0695375577925,524.4188753946746,20.262936052697313,4
12,107,5/27/2021,9/15/2021,111,0,1,2,62,171.5,65.66,70.56,86.24,102.9,71.05,87.71,94.08,112.21,89.67,57.33,104.37,78.89,98.49,61.25,71.54,72.52,88.2,88.69,59.29,68.11,51.94,70.07,94.08,51.94,68.6,56.35,59.78,57.82,61.74,72.03,61.25,54.39,71.05,49.98,47.53,68.11,47.04,65.66,80.36,61.74,64.19,46.06,74.97,61.74,67.62,71.54,58.31,67.13,61.25,66.15,59.29,51.45,290.6,275,289.4,288.9,291.5,301,307.2,309.6,316.5,322.6,324.6,321.4,333.4,332.5,338.9,333.8,339.4,338.8,341.3,346.5,343.4,345.5,345.3,348.3,350,350.8,349.7,355.1,356,353.4,351.7,355.1,353.9,356.4,362.5,359.6,356.3,358.5,358.1,361.5,365,367.7,365.4,364.9,372.4,367.5,368.4,372.5,373.2,376.3,374.9,375,374.6,374.1,NA,NA,NA,NA,8,63,623971.4603333334,160829.79937223837,25.77518518015569,173.66666666666666,65.60741827974435,37.77778403824051,7110.7460404656495,2627.127352340705,36.945875121827115,3,1088641.6525,24958.411500949318,2.2926195634379622,146.5,21,14.334470989761092,3363.897089473862,471.0231629068037,14.002305967703524,4
13,103,5/29/2021,9/15/2021,109,0,1,1,97.34,122.01,123.97,122.5,105.35,96.04,109.27,130.34,124.95,105.35,91.14,101.43,121.03,110.74,101.92,82.32,78.89,93.1,103.39,84.77,54.39,80.85,107.31,93.1,108.29,80.85,77.91,78.89,95.55,86.73,59.78,82.81,104.37,92.12,83.3,67.62,65.17,82.32,81.83,73.5,64.19,64.68,84.77,83.3,86.24,61.25,70.56,76.44,71.54,65.17,81.83,62.23,66.15,63.21,324.9,311.3,331,335.6,340.8,338.4,349.4,357.4,361.8,362.6,361.6,368.3,377,380.3,381.8,379.3,382.4,387.6,390.4,390,383.9,389.2,395.4,396.5,398.1,398.8,398.2,404.6,407.4,407.3,402.4,405.4,412.2,412.9,410.5,412.3,411.6,414.7,417.6,414.2,411.6,414.8,417.3,422.7,420.9,418,420.6,422,421.5,421.6,424.9,424.9,426.8,423.9,NA,NA,NA,NA,10,80,580218.3135714285,52383.99622284046,9.028325200630135,271.85714285714283,138.31175964878352,50.87663255604229,11806.758927103387,6233.000993779079,52.79180368009981,7,1104740.5717500001,9993.011407674407,0.9045572927447257,170,37.95611501018863,22.327126476581547,3845.1054513439644,841.2652604934541,21.878860570635585,4
14,110,5/28/2021,9/15/2021,110,0,1,1,57.97,134.75,101.92,71.05,78.89,61.74,54.39,71.05,54.88,70.07,80.36,103.39,82.81,65.66,76.93,97.02,104.86,67.13,58.8,68.6,83.3,95.55,75.95,46.06,67.13,77.91,82.32,54.88,51.94,60.27,76.93,79.38,68.11,47.53,73.5,82.32,68.11,49.98,57.33,51.94,63.21,77.91,64.68,60.76,47.53,59.78,87.22,75.95,64.68,49.98,65.66,70.56,55.86,43.12,265.1,273.2,282,278,284.2,292.4,277.1,280.7,279.1,281,287,292.6,294.7,292.6,298.8,304.3,304.2,304.1,302.6,304.9,312,316.2,314.5,310.7,311.5,316.2,315.3,316.6,316.3,318.6,321.3,323.4,322.7,319.4,321.2,326.9,326.2,320.9,322.6,321.7,323.7,329.3,328.3,327.9,324.4,327.1,330.7,334.3,334.5,333.5,333.6,337.4,335.8,333.9,NA,NA,NA,NA,6,67,680985.442,154998.5952966738,22.760926407098403,105.25,33.64892271678248,31.970472890054612,3849.074948600906,906.3883745739223,23.548213185700213,4,1094487.48325,37682.80429438659,3.4429634756982574,80.25,34.41293361513953,42.882160268086636,1847.7393032866019,832.1891310724191,45.0382329147944,4
15,105,5/28/2021,9/15/2021,110,0,1,1,74.09,88.2,90.65,87.22,88.69,98,86.73,60.27,67.13,79.87,84.28,69.09,71.05,57.33,68.6,69.58,61.74,62.23,47.53,62.23,58.8,59.29,59.78,58.31,58.31,54.88,65.66,55.86,66.64,72.03,68.6,78.89,61.25,57.33,51.94,57.82,69.58,58.31,57.82,45.08,68.6,65.17,66.15,53.41,56.35,44.1,63.7,58.8,66.64,56.35,63.7,61.25,57.82,53.41,255.1,252.6,260.8,263.2,266.9,272.3,273.7,272.4,274.2,278.5,282.8,281.3,286.5,286.9,290.3,292.2,290.4,290.5,288.3,291.1,293.6,294.6,283.1,293.4,292.9,293.4,293.6,299.5,302.4,305.8,305.3,306.4,304.8,308,306.6,310.2,312,309.2,308.3,308.4,312.8,315.5,316.7,314.6,313,310.2,315.3,312.2,320.1,319.2,321.5,324.4,323.8,320.6,NA,NA,NA,NA,5,80,775362.4916666667,209765.45527268812,27.05385642550112,130.66666666666666,44.747439405326126,34.24548934081081,4144.532879580859,385.2079381563268,9.294363185153045,3,1050483.2343333333,22901.469445274324,2.1800890006405718,77.66666666666667,28.023799409311604,36.08214516220378,1839.3283179820987,621.4318004301281,33.78580073795048,3
16,102,5/27/2021,9/15/2021,111,0,1,1,53.63,144.06,83.3,88.2,81.34,98.98,93.59,79.38,86.24,96.04,93.1,67.13,81.34,82.81,82.32,55.37,69.09,80.85,75.95,79.38,51.94,70.07,70.56,74.97,67.13,77.91,93.1,56.84,59.29,62.23,74.97,89.18,73.99,74.97,64.19,67.62,76.44,72.03,58.31,66.15,81.83,65.17,65.66,151.41,71.54,71.05,63.7,68.11,63.21,51.94,73.99,66.64,56.35,54.88,286.2,289.3,298.9,298.4,301.6,309,313.3,312.4,318.3,320.6,325.4,321.2,328.7,332.6,335.5,330.8,353.3,338.7,339.5,342.2,341.3,344.4,345.2,347.5,347.7,352.7,356.7,356.2,353.9,357.5,361.1,366.3,363.4,366.3,367,372,374.3,374.3,371.9,375.6,378.7,380.9,379.2,378.5,382.2,385.3,384.2,382.5,386.9,385,387.6,389.6,386,387.3,NA,NA,NA,NA,5,100,782688.187,39538.92422248782,5.051682761948701,237.5,81.9369676438338,34.49977585003528,7542.137327458976,2436.835578361883,32.309615597822564,4,934440.1146666666,152046.83285362847,16.27143681731457,78,10.583005244258363,13.567955441356874,2131.738452450045,480.01498764421234,22.51753666555682,3
17,112,5/28/2021,9/15/2021,110,0,1,1,66.96,110.74,122.01,92.61,101.43,115.64,131.81,88.2,95.06,113.19,120.05,95.55,93.1,101.92,102.9,87.71,88.69,66.15,75.46,99.96,71.05,67.13,68.11,74.97,89.18,88.2,57.82,48.02,62.72,79.38,79.38,60.27,58.31,77.42,84.28,72.52,55.37,60.76,56.35,83.3,76.44,57.82,54.39,63.7,84.77,88.2,65.17,68.6,65.66,80.85,71.05,59.29,50.47,77.91,277.3,282.7,295.9,292.3,298.4,305.9,315.2,312,311.9,317.4,325.1,325.3,328.9,336.4,340.1,339,338.8,339.7,341.9,345.6,345.1,343.9,346.7,349.8,351.5,352.2,348,348.9,350,354.6,352,353,352.9,356.7,358.6,358.6,354.5,355.6,354.9,360.4,360,357.6,357,360.3,363.6,364.2,363,366.7,367.2,370.5,369.7,369.6,368.5,373.9,NA,NA,NA,NA,7,86,721581.5136666667,14528.723022235574,2.0134555482732464,390.6666666666667,89.91848160046595,23.016676177593673,13552.369491025132,3181.277734627017,23.473959566508082,3,906329.6656,211256.39891319728,23.30900189318456,350,275.25715249562546,78.64490071303585,9317.0398931229,6564.775224413551,70.45988103216288,5
18,108,5/28/2021,9/15/2021,110,0,1,1,60.14,144.55,98,99.96,67.13,70.07,81.83,88.69,78.4,61.25,63.7,56.84,68.11,75.95,68.11,45.57,62.23,65.17,55.86,40.67,41.16,53.9,64.19,57.33,50.96,42.14,53.9,60.76,57.33,39.69,36.75,64.68,53.41,57.33,38.22,32.34,59.78,56.84,51.94,33.32,50.47,69.58,49.49,59.29,51.45,42.63,55.37,44.59,51.94,45.57,43.61,46.55,53.9,50.96,255.4,261,270.7,275.2,268.7,268.6,276.1,280.3,279.6,277.3,277.4,278.7,282.3,286.5,287.7,284.3,286.6,288.8,286.4,282.8,281.2,284.6,288.6,287.2,285.6,283.4,283.4,288.3,289.6,284.1,282.3,286.3,287.6,287.6,284.9,282.6,286,287.6,285.7,283.8,285.3,286.9,287.3,290.9,289,286.5,288.4,289.7,288.5,289.3,289.3,289.5,291.5,289.9,NA,NA,NA,NA,3,67,758951.145,123019.41948688315,16.209135501980583,369.6666666666667,30.03886371574886,8.125932474954606,12433.682422413027,2622.4099213408913,21.09117663013268,3,1113429.5,2.8284271247461903,2.540283982727411e-4,120,7.0710678118654755,5.892556509887896,2694.3778438402933,158.7609044355834,5.89230292249218,2
19,103,5/29/2021,9/15/2021,109,0,0,0,105.4,92.07,89.59,103.23,95.79,107.88,95.48,93.93,101.99,115.32,96.1,89.28,112.84,109.74,99.82,103.85,97.34,93.31,93.62,111.6,99.2,98.58,101.37,98.58,104.16,95.17,111.29,103.23,89.59,95.17,92.38,108.5,98.89,102.92,110.67,102.92,96.72,108.81,92.38,112.53,106.33,103.85,102.3,106.95,99.2,101.06,100.44,115.32,105.09,100.13,97.03,99.82,97.03,91.14,576.4,578.6,590.6,590.1,591.3,596.3,597,597.5,602.4,601.9,601.7,599.4,605.6,613.8,612.8,612.8,614.6,613.1,611.4,611.7,615.6,618.1,619,620.8,618.7,619.1,621.4,626.7,627.8,629.4,628.8,633.9,632,634.6,629.1,633.7,639.1,638.5,637.5,643,643.9,648,645.9,651.5,649.9,650.6,655.8,658.7,659.3,662.5,656.9,663.8,665.1,662.5,NA,NA,NA,NA,10,90,348367.9336666667,150465.0825621015,43.19142722994503,175,40.149719799769464,22.942697028439692,13367.759292506742,2952.058421665478,22.083419943986016,3,1113074.0535,466.3671484096013,0.041899022526231344,109.25,25.863423336183992,23.673614037697018,2453.944208042868,581.8661858736268,23.711467602504765,4
20,110,5/28/2021,9/15/2021,110,0,0,0,90.21,91.45,65.72,103.54,73.78,98.58,88.97,77.5,97.34,82.77,90.21,82.77,90.83,97.34,93.62,89.9,85.87,81.22,80.29,76.26,87.11,85.25,87.73,79.98,79.36,76.57,80.91,71.92,73.16,67.27,78.43,77.5,73.47,75.02,86.18,67.27,64.48,78.74,61.07,82.77,81.22,75.95,77.81,63.24,85.56,80.91,80.29,93.31,62.31,87.73,72.54,66.34,79.67,80.91,509,510.2,520.6,521.7,515.6,522.5,529.4,525.2,531.4,525.7,532,529.4,534.5,543.5,544.5,545.4,544.7,550.4,547.8,544.1,549.5,547.8,551.5,449,543.6,545.1,546,553.5,551.2,548.4,549.1,550.9,544.1,548.6,546.6,551.4,542.7,545.5,543.3,552.4,554.7,557.1,548.4,551,558.8,554.8,558.1,557.5,557.1,559.3,557.9,556.6,559.7,569.5,NA,NA,NA,NA,15,73,600467.483,NA,NA,115,NA,NA,4787.936202034108,NA,NA,1,1113304.375,NA,NA,131,NA,NA,2941.693281318507,NA,NA,1
21,104,5/28/2021,9/15/2021,110,0,0,0,66.96,81.22,57.66,79.67,73.16,75.95,70.68,72.23,83.08,79.05,62.93,76.88,87.11,66.96,71.3,82.46,74.4,70.68,71.61,80.91,65.72,75.33,69.44,75.02,81.53,82.46,77.81,66.65,73.16,77.5,73.78,77.81,78.43,79.36,88.66,68.2,79.98,80.6,68.51,77.81,75.33,66.96,83.08,62.31,71.92,83.08,73.16,84.01,77.19,75.33,69.13,65.1,69.13,64.17,457.8,458.4,464.9,463.5,460.4,462.6,462.2,463.4,466.2,461.4,455.8,457.5,462.1,461.8,463.4,462.7,463.5,464.9,461.6,463.8,465.7,465.8,461.5,563.4,464.2,465.3,467.9,469.1,467.4,471.9,470.1,476.4,474.1,475.9,480.5,481.4,487.4,486.6,483,481.5,480.5,476.9,484.6,480.6,482.8,483.2,484.7,486.1,487.5,487.4,480.1,483.9,484.9,485.5,NA,NA,NA,NA,4,75,502460.11,116511.31049223655,23.188171194771375,273.2,49.6658836627317,18.179313200121413,14095.167392752208,3799.9339225911285,26.959125895482945,5,1077173.9146,42814.258990310685,3.974683977211741,203.4,44.167861619055095,21.714779557057568,4724.410516877993,1003.4738579768457,21.240191858686444,5
22,106,5/28/2021,9/15/2021,110,0,0,0,65.1,55.769,54.87,61.07,68.82,63.86,69.75,73.47,71.3,75.64,64.48,72.54,69.13,77.5,76.88,78.12,68.82,70.68,66.34,72.85,69.13,72.23,71.92,74.71,82.15,74.71,70.68,66.03,73.78,68.82,70.06,74.4,81.84,76.26,75.64,69.75,71.92,71.61,74.4,67.27,79.67,75.33,73.47,71.92,62,74.4,62,73.47,74.71,77.19,71.92,69.13,67.89,74.71,413.9,416.6,423.3,415.8,419.3,416.6,420.6,420.9,422.2,427,424.3,425.7,425.8,432.1,433.4,434.7,433.9,436,435.3,435.2,438.5,440.6,443.9,444.6,445.3,446,445.1,446.7,450.6,450.9,450.5,450.9,453.6,455.1,452.3,455.5,459.6,454.9,456.6,454.8,461.2,462.3,460.4,462.6,459.4,458.2,457.6,461.3,465.7,463.8,462.1,466.8,467.3,470.3,NA,NA,NA,NA,9,56,539941.49225,63762.16814731361,11.80908840356186,197.25,69.01388749133515,34.988029146431,8970.761316962553,2037.5749471009847,22.713511987529902,4,988695.5763333334,59365.20959401068,6.004397209318151,94.66666666666667,37.00450423034111,39.08926503205047,2362.242590691132,800.2284532119232,33.875794821640085,3
23,105,5/28/2021,9/15/2021,110,0,0,0,98.58,105.4,95.17,98.89,90.52,114.39,107.57,113.15,102.3,111.29,104.16,98.27,115.63,84.32,99.82,106.02,97.96,83.08,91.76,91.45,79.36,88.97,98.89,98.27,87.73,80.6,90.52,60.14,79.98,58.9,79.36,82.77,90.52,84.01,80.91,75.33,83.08,83.7,70.37,89.59,78.12,90.21,93.93,78.12,79.98,85.25,85.87,80.91,93.31,72.54,79.05,74.09,71.61,76.88,553.8,551,569.3,561.4,560.7,565.3,568.5,571.7,567.1,567.4,565.2,566,579.1,572,580.3,586.9,591.8,591.1,587.3,590.5,595,589.5,588.3,591.7,580.3,579.4,580.4,583.6,582,571.3,581.3,583.6,587,589.6,589.7,586.9,590.7,591.2,587.7,592.8,581.3,584.6,588.1,586.5,586,590.3,589.6,596.9,596.9,593.6,593.7,594.3,591.6,594.1,NA,NA,NA,NA,11,55,633208.0765,195562.10416584747,30.884335090417547,174.75,113.42067712723285,64.90453626737217,7001.498894691473,4361.820529453964,62.29838203303996,4,1102051.5550000002,16045.058966853243,1.455926348822514,262,124.45079348883236,47.50030285833296,5964.64435076295,2910.002615571926,48.78752938890148,2
24,112,5/28/2021,9/15/2021,110,0,0,0,97.96,110.05,88.97,105.71,96.1,113.46,96.1,110.67,111.29,104.47,112.22,119.04,119.97,85.25,94.86,96.41,100.44,95.17,101.68,95.79,101.68,100.44,102.3,106.95,108.5,102.3,90.52,84.94,97.96,98.58,99.2,101.99,109.74,97.65,106.33,90.52,99.82,98.58,99.82,93,89.28,102.92,97.65,85.87,93.93,96.72,93.93,92.69,100.13,84.94,101.06,87.42,86.8,92.38,531.6,533.4,547.8,546.7,547.2,552.7,552.7,556.3,561.9,562.8,565.8,563.7,561.6,571.1,575.7,577.5,578.7,579,579.9,576.1,580.9,579.7,574,586.4,581.6,585.7,583.2,588.2,590.6,593.8,593.9,595.8,598.6,596.5,599.3,598.6,603.8,602.3,603.4,605.8,606.3,612,613.6,614.6,615.1,610.5,614.6,615.6,619.7,616.9,618.9,620.6,624.4,625.8,NA,NA,NA,NA,10,50,584284.35075,69459.70170162311,11.887996249165862,253.25,36.09593698280551,14.253084692124585,10893.538809948846,1470.2776895294849,13.496786629031057,4,986350.0202500001,30914.00095933707,3.1341816114629992,106.75,29.948567021923882,28.054863720771788,2700.560442047254,727.1490677954747,26.925857924669668,4
25,103,5/28/2021,9/15/2021,110,0,0,2,89.28,142.1,121.52,98,100.94,123.97,86.24,91.63,102.9,85.26,102.41,101.43,103.88,88.2,90.16,82.81,102.41,76.93,72.52,98.49,84.28,82.81,100.45,85.75,99.47,98.98,87.71,96.53,85.26,92.12,87.22,97.02,93.1,90.16,81.34,87.22,97.02,83.3,83.79,83.79,90.65,74.97,85.75,95.55,97.02,83.3,100.45,91.63,101.43,97.51,89.67,105.84,84.28,95.06,483.7,481.3,496.3,495.9,498,507.4,508.4,511.9,515.1,510.8,516.7,520,522.4,527.5,528.8,530.3,536.4,537.2,534,538.4,543.4,543.3,552.7,549.9,553.1,556.6,555.3,561.3,563.6,565.9,567.3,572.4,572.4,575.9,574.9,577.4,581.9,579.7,584.1,583.5,588.4,587.4,589.8,593.2,599.5,592.4,600.9,604.6,606.7,608.9,610,616.6,616.7,619.5,NA,NA,NA,NA,10,80,641542.95,75200.59777570482,11.721833709762508,322.25,50.38766383418333,15.636202896565813,12667.879394862734,2369.880951715443,18.70779534478764,4,1069995.139,30790.048300514147,2.877587680378625,167.5,35.83759664560855,21.395580086930476,3917.3725418789495,846.8232606199751,21.61712350732413,4
26,110,5/28/2021,9/15/2021,110,0,0,2,76.57,87.22,84.28,76.44,68.6,119.07,95.06,91.63,106.82,122.01,92.61,132.79,109.76,105.35,101.92,93.59,112.7,108.29,122.99,117.11,81.83,102.9,120.05,85.26,124.95,99.96,97.02,94.08,90.65,64.19,87.71,100.94,90.16,91.63,85.75,84.28,104.37,119.07,83.3,102.9,129.85,90.16,100.94,102.41,129.85,109.76,122.5,104.37,105.84,119.07,124.95,89.67,91.63,117.11,558.7,550.1,563.8,556.7,553,563.8,567,564.9,568.3,573.5,572.1,578.4,581.5,589.7,593.1,593.3,595.9,601.1,604.9,615.3,610.3,614.7,622.6,619.8,626.1,626.3,623.3,627.2,629.3,623.5,622.5,625,625.8,630.3,632.7,627.9,630.6,638,634.3,638,641.6,640,639.2,645.1,656.4,656.5,662.1,659.7,659.8,666.1,671.7,670.4,671.1,689.9,NA,NA,NA,NA,10,70,564342.78025,236761.21293901763,41.95344057279054,168,21.494185260204677,12.794157892978975,9013.879058095323,5051.540375539658,56.04180334550743,4,1108871.183,7286.777466945175,0.6571347130900393,139.66666666666666,29.737742572921256,21.29193978968109,3147.3994863194675,658.585480031066,20.924750191187464,3
27,104,5/28/2021,9/15/2021,110,0,0,2,95.17,117.6,105.35,127.89,96.04,137.2,117.6,101.43,133.28,130.34,108.29,137.69,96.53,122.5,96.04,83.79,104.86,102.41,104.86,111.72,104.37,86.24,121.52,94.57,120.54,105.35,93.1,95.55,98.49,88.2,81.34,88.69,84.28,80.36,80.85,74.97,79.38,81.83,74.48,89.18,86.24,75.95,91.63,85.75,92.61,83.3,77.42,83.3,77.91,81.83,93.1,72.52,78.89,101.43,482.9,463.1,484.8,494.5,496.3,505.7,510,511.4,521.2,524.6,524,532.2,529.6,540.8,538.2,536.8,541.8,547.3,547.4,550.5,554.7,553.2,559.1,560.3,564.3,568.3,569.3,573.4,577.3,575.1,575.1,577.8,576.6,575.7,567.8,577.3,577.6,578.5,578.3,582.3,583.4,583.1,586.3,587.3,588.4,589.5,587.6,587.1,589.3,589.2,596.8,593.1,592.5,605.1,NA,NA,NA,NA,9,56,782952.01975,97804.39742792635,12.491748531302814,192,35.14730904825195,18.30589012929789,6139.922403796945,918.1979450918735,14.954552919497116,4,1079842.715,18500.84607548629,1.713290817124815,85,5.5677643628300215,6.550311015094143,1967.0086785525593,100.77368459183273,5.123194711371988,3
28,106,5/28/2021,9/15/2021,110,0,0,2,92.07,130.83,113.68,114.17,100.94,130.34,124.95,111.23,149.45,116.62,116.62,115.15,120.05,123.48,103.39,105.84,138.18,90.65,119.56,126.42,102.41,112.21,114.66,109.27,126.91,114.66,116.62,88.69,109.76,98.49,98.49,122.99,116.13,96.04,108.78,103.39,97.51,108.29,108.29,106.82,112.21,93.1,98.49,94.08,107.31,98.98,110.74,106.82,97.51,108.29,123.48,112.7,91.14,102.9,495.2,498.8,504.7,507.1,510.2,517.6,523.6,523.3,536.8,537.7,539.4,544.4,552.1,559,560.5,561,573.5,570.8,573.2,581.3,582.5,586.1,592.7,595.2,598.2,606.9,607.3,609.4,611.8,610.9,613.3,647.9,620.5,624.7,621.6,626.1,630.6,633.1,637.3,641.6,643.4,642.4,644.9,644.9,648.9,649.9,654.5,657.2,659.6,659.8,669.2,672.7,671.4,673.4,NA,NA,NA,NA,10,70,553485.957,70671.37310065782,12.768413038645136,311.25,85.15622897553257,27.359430996155044,13875.766819691187,2253.233433078022,16.238622790060468,4,1077537.8376666666,23946.520476322083,2.2223368534488412,117.33333333333333,29.26317367158479,24.940204833737038,2730.0679162496835,713.3839831330412,26.130631362205175,3
29,107,5/27/2021,9/15/2021,111,0,0,2,96.1,98.98,103.39,121.52,134.75,129.36,122.5,116.62,156.31,131.81,104.37,139.16,135.24,118.09,112.21,127.89,114.66,105.84,119.07,116.13,105.84,100.94,135.24,100.94,121.52,108.29,117.11,95.55,116.62,103.39,101.92,115.15,124.95,104.37,115.15,104.86,104.37,110.74,121.03,106.33,109.76,87.22,81.34,104.86,80.85,97.02,105.35,103.39,89.67,95.55,96.04,88.2,86.24,91.63,539.8,521.5,539.7,545.1,553.9,557.8,565.3,565.7,577,580.7,581.1,589.1,592.4,601.9,602.9,610.1,613.3,613.6,615.3,620.1,622.3,622.1,643.9,632.5,638.2,637.3,640.2,643.8,648.7,651.9,651.3,657.6,658.3,661.3,662.4,669.2,670.9,670.1,676.5,675,677.9,672.6,674.2,680.6,679.3,677.6,684.5,683.7,685.3,685.9,687.1,688.7,686.1,693.1,NA,NA,NA,NA,9,56,566697.075,134881.52322598512,23.80134452361257,369.75,36.45430930173642,9.859177634005793,16847.960970040338,3441.904484845791,20.429204999740396,4,1112751.98175,779.1409781922121,0.07001928470770949,365.25,72.55515143668298,19.86451784714113,8206.826857277922,1636.6334329431274,19.942341436041623,4
30,108,5/28/2021,9/15/2021,110,0,0,2,78.43,52.43,89.18,100.94,88.69,111.72,109.27,104.37,106.82,105.84,92.12,110.74,91.63,94.08,91.63,88.69,98,82.81,102.9,96.53,83.79,72.03,93.59,86.24,101.43,82.81,89.67,73.01,68.6,82.32,75.95,88.69,76.44,73.99,94.08,82.81,75.95,91.14,85.75,87.22,89.67,89.18,82.32,72.52,82.32,77.91,91.63,75.95,69.58,87.22,85.75,70.56,75.46,83.79,443.2,422.5,442.5,443.2,445.7,451.3,455.3,458.9,461.9,464.4,465.9,469,464.4,473.8,474.9,473.8,480.2,480.6,483.8,485.3,485.3,482.6,486.8,486.7,490.1,490.4,493.2,494.8,494.6,495.7,493.8,500,499.5,502.7,505.6,506.3,504.6,507.9,510.7,512.9,513,519,516.8,516.7,521.1,517.6,523.7,520.7,524,527.4,526.1,525,525.5,528.7,NA,NA,NA,NA,9,78,708562.8276666667,95604.15797514176,13.492686074144068,511.1666666666667,171.41693809733817,33.5344515351819,18166.698616037876,6218.950864077903,34.23269684557714,6,1107909.401,10102.14636800843,0.9118206198891556,450.6,59.96082054141688,13.306884274615374,10173.320670340781,1401.1176015542571,13.772470631335393,5
31,103,5/29/2021,9/15/2021,109,0,0,1,84.94,126.42,120.05,131.81,111.72,120.54,130.34,121.03,125.44,133.77,102.41,124.95,139.65,76.93,109.76,96.04,114.66,97.51,118.58,110.74,81.34,100.94,91.14,99.47,114.66,113.68,105.84,92.12,105.84,94.57,81.83,106.33,105.84,93.59,104.86,100.45,85.75,103.88,98,102.41,93.1,101.43,104.86,90.16,108.78,98.49,99.96,87.71,89.18,98.98,115.64,85.26,93.1,104.37,478.2,470.9,485.9,489.3,490.6,494.7,503.6,506.3,512.8,519.6,520.9,528.3,531.6,532.4,538,539.8,544.9,551.2,552,554.3,556.7,555.7,557.8,561.2,565.7,571.4,570.4,573.35,576.3,576.6,576.9,581.4,583.1,585.6,587.3,590.8,591.3,590.9,594.3,598.4,599.2,600.7,604.5,603.4,605.1,606.9,610.9,611,610.7,612,616.1,618.1,620.8,625.3,NA,NA,NA,NA,8,63,558863.652,71819.0986363914,12.850916029227,89,6.27162924074226,7.046774427800292,4047.825341514598,727.2670046766307,17.966857344800975,4,1044875.458,118689.18145804475,11.359170181413598,110.66666666666667,23.437861108329262,21.178790158128848,2701.828949292724,819.4421098396508,30.329163141662306,3
32,110,5/28/2021,9/15/2021,110,0,0,1,63.86,129.85,81.34,107.31,98.98,108.29,102.9,90.16,104.86,108.29,82.81,104.86,104.86,104.37,93.59,105.35,107.8,85.75,110.74,111.23,114.17,105.35,96.53,103.39,109.27,114.66,116.13,106.33,108.29,107.31,122.5,125.93,121.03,100.94,110.74,105.35,98,120.54,111.72,104.37,128.38,91.63,94.08,111.72,95.55,85.75,98,93.1,87.22,101.43,130.83,95.06,87.22,94.57,527.9,524.1,529.4,529.4,532.7,538.2,543.6,546.5,548.8,553.4,550.6,555.4,559.6,567.1,569.1,573.6,578.1,578.4,581.7,585.6,591.7,595.5,594.7,597,597.5,598.3,599.7,606.6,609.4,609.3,613.7,619.3,624.2,625.8,622.9,626,624.6,629.4,636.8,636.8,642.4,644.5,641.1,646.4,646.6,643.8,645.9,647,648.5,649.7,657.1,659.8,658.7,661.6,NA,NA,NA,NA,9,56,577024.2986666666,207031.72819521866,35.87920451072998,101,48.877397639399746,48.39346300930668,4246.7404198854,571.3049210954083,13.45278648113899,3,1090209.9095,22177.9349736413,2.0342811765316555,75.75,22.4258035902098,29.605021241201058,1737.1152364896814,512.1597607292904,29.483349749683267,4
33,104,5/28/2021,9/15/2021,110,0,0,1,102.92,151.9,136.22,152.88,122.5,131.81,137.2,123.48,139.16,116.62,122.5,112.7,132.3,102.9,116.62,123.97,111.72,105.84,97.51,115.15,112.21,102.41,93.1,108.78,117.11,99.47,109.27,86.73,96.53,76.44,93.1,79.38,102.41,84.77,90.65,91.14,85.26,99.47,98.98,105.35,103.39,101.43,86.24,119.07,88.2,121.03,97.51,105.35,98,101.43,89.67,94.08,90.65,101.92,527.2,531.9,546.6,550.9,555.6,562,569.4,573.4,578.4,582,587.7,588.5,547.6,601.8,607.4,613.1,614.5,618.7,615.5,620.3,627.7,628.5,628.5,636.8,639.6,641.4,640.2,645.9,644.9,644.7,645.8,646.9,650.8,653.5,650.8,655.8,655.9,657.2,660.9,665.9,667,675.3,669.4,679.2,679.9,682.6,682.5,690,694.3,691.8,693.6,696.9,695.2,699.5,NA,NA,NA,NA,7,43,533661.4035,30893.6304110486,5.788994708711139,192.75,30.901725949640202,16.032023838983246,9058.928914567867,1583.8558883979742,17.483920045458575,4,1038167.74275,50715.60952849199,4.885107429185917,153,61.411182477895125,40.13802776333015,3689.7831615180135,1457.0169468923,39.487874574528355,4
34,106,5/28/2021,9/15/2021,110,0,0,1,75.64,158.27,144.06,141.61,124.46,124.46,116.62,106.82,119.07,115.64,111.23,106.82,109.76,103.88,95.06,90.65,112.7,79.38,92.61,104.86,72.03,81.83,98.98,87.71,90.16,98.49,98.49,77.42,81.34,82.81,98.98,85.26,95.06,80.85,83.3,87.22,78.4,95.06,77.91,65.66,86.73,87.22,85.75,86.73,85.26,103.88,93.1,82.32,93.1,99.47,100.94,81.83,81.83,96.53,489.1,498.9,516.2,515.2,520.6,525.3,526.3,529.5,534.2,537.2,539.5,541.4,546.4,550.2,551.6,552.1,557.7,561,557.1,560.2,560.5,558.5,563.4,564.4,567.1,568.9,571.3,574.7,573,573.2,576.3,577.6,578.6,582.2,577.9,582.7,581.5,583.6,584.3,585.1,586.3,588.9,589.3,589.7,584.5,594.8,599.3,596.7,600.4,602.2,607.9,608.7,608.7,613.5,NA,NA,NA,NA,6,67,579006.8175,45598.06577872265,7.875220878331481,415.25,102.39913736615819,24.65963572935778,17958.509983573833,4150.813433233732,23.113350924048653,4,1006831.765,110148.6056593934,10.940120235419212,513.5,94.04520189781083,18.314547594510387,12955.658580830579,3752.5412952410315,28.96449664699684,2
35,111,5/29/2021,9/15/2021,109,0,0,1,96.41,146.02,120.54,147,115.64,138.67,121.52,126.91,122.5,137.2,114.17,99.96,130.83,112.7,98.98,108.78,115.64,98.49,103.39,109.27,99.96,86.73,113.68,93.1,111.23,129.36,82.81,93.1,82.81,93.59,104.86,105.84,63.21,106.33,81.83,90.65,94.57,88.69,102.9,81.34,104.86,85.26,93.59,100.94,84.77,85.26,95.55,99.47,93.1,92.61,113.19,79.87,92.12,99.96,493,496.9,507.3,515.7,517.1,527.3,532.4,535.6,538.6,543.9,543.3,546.2,553.4,558.4,556.3,563.5,566.7,571.7,569.6,574.8,577.4,573,581,581.6,581.2,588.6,584.8,594.5,589.8,589.4,590.3,593.6,590.4,594.6,590.3,593.3,597,595.4,603.4,603.9,600.9,604.3,603.4,608.5,608.5,606.5,609.5,612.7,610.9,614.1,617.6,617.9,619.4,620.3,NA,NA,NA,NA,7,71,599614.6085,131179.58431000877,21.877316271224366,227.25,100.3373476494836,44.15284825059785,9146.567438444152,2680.5881229284946,29.30703939995732,4,1015884.6666666666,35426.979568920004,3.487303306305769,63.333333333333336,39.42503434790302,62.25005423353108,1553.5376416707009,976.3273593614462,62.84542666835462,3
36,108,5/28/2021,9/15/2021,110,0,0,1,78.43,148.96,117.11,122.99,123.97,125.93,109.27,102.9,118.09,112.21,90.65,107.31,94.57,92.12,98.98,81.34,98.98,88.2,96.53,102.41,85.75,88.69,99.47,80.36,105.35,78.4,97.02,70.07,87.71,72.03,76.44,84.77,98.49,63.7,93.1,90.16,85.75,98,74.97,93.1,89.67,68.6,81.34,77.91,76.93,74.48,87.22,69.09,86.24,80.36,83.79,74.97,79.87,84.28,477.5,485.2,498.9,498.9,503.4,510.8,514.6,514.5,521.7,525.1,524.5,529,530.4,531.8,538,533.7,539.3,541.3,542.3,544.8,546.3,546.6,549.3,549.6,554.2,554,553.8,553.5,558.1,556.9,555,556.5,561.5,561.7,562.4,565.7,566.8,566,568,573.2,573.6,572.8,574.2,575.1,573.7,572.9,576.1,575.5,577.3,577.3,578.9,580.9,582.2,583,NA,NA,NA,NA,4,25,584489.2232,140104.1154412927,23.970350500945333,107.4,69.43558165666937,64.65137956859344,4621.0667814970075,2626.319612717247,56.833621691709105,5,1058535.866,44149.18903796586,4.170778757341214,218,130.92173234417578,60.05584052485128,5209.2959766558015,3316.985370408371,63.67435033971266,5
37,1219,11/10/2023,4/9/2024,151,1,1,0,54.9,42.2,46.2,45.3,51.8,53,54.9,50.8,51.5,56.1,57,50.5,47.1,54.9,59.5,37.2,46.5,48.4,50.2,35.3,40.6,52.7,55.5,42.2,45.6,54.9,48.7,49,41.2,62.6,50.5,47.1,53.3,NA,114.4,40,42.5,56.1,56.1,48.1,46.5,53.9,60.5,38.8,43.1,49.3,57,47.1,46.8,51.8,51.5,61.4,44.6,75,289.2,295.3,291.6,290.3,293.1,290.6,293.8,294.4,293.6,294.5,295.7,292.8,297.1,297.5,297.7,297.4,298.1,297.6,295.4,289.3,290.6,297.2,294.2,288.3,292.3,291.5,288.3,292.7,294.1,297.2,301.2,297.1,297,NA,300.9,297.4,299,300.4,302.5,301.2,299.1,299.3,301,299.2,295.5,295.8,295.1,298.2,299.2,303.4,301.9,307.5,303.3,304.2,56.027,67.257,215.782,206.736,12,58,NA,NA,NA,NA,NA,NA,NA,NA,NA,NA,NA,NA,NA,NA,NA,NA,NA,NA,NA,NA
38,1219,11/10/2023,4/9/2024,151,1,1,2,44.3,56.4,84.3,80.9,80.9,80.4,69.6,74,76.9,57.8,62.7,72.5,61.3,54.9,56.8,48,54.9,58.3,62.2,40.2,38.7,40.7,57.3,54.9,43.6,50,58.3,47,65.2,44.1,54.4,60.3,49.5,NA,108.8,50,53.9,51.5,51.9,30.9,65.2,51.9,41.7,59.8,72.5,44.6,64.2,54.4,61.3,41.7,43.6,67.1,59.8,85.3,306.1,308.5,314.5,317.8,319.9,323.5,327.6,332.6,328.8,331.7,333.4,334.7,339.3,338.1,335,336.8,339.2,344.5,341.2,336.7,338.6,338.9,341.1,340.3,340.1,338.7,341.9,341,346.1,342.9,344.2,348.1,346.1,NA,348.6,349.7,352.4,350.9,352.7,349,349.8,353,352.2,323.9,356.5,353,354.6,357.5,359.5,358,356.8,363.7,362.8,363.8,71.732,122.946,216.471,214.553,10,100,NA,NA,NA,NA,NA,NA,NA,NA,NA,NA,NA,NA,NA,NA,NA,NA,NA,NA,NA,NA
39,1219,11/10/2023,4/9/2024,151,1,1,1,53,91.1,68.1,79.4,80.4,82.3,72,75.5,77.4,71.5,60.3,67.6,56.4,73.5,51.9,65.2,67.6,54.4,56.8,52.9,44.1,54.9,35.3,54.9,49,64.2,38.7,41.2,55.9,51.9,52.9,47,58.8,NA,104.4,58.3,59.3,48.5,39.2,46.6,59.3,65.7,60.8,50.5,56.8,53.4,100.5,33.8,40.2,46.6,44.1,76.9,48,53.4,265.1,268.9,269.9,275.6,278.6,279.4,282.2,288.1,293,293.1,291.5,294.4,301.1,300,298.2,303.2,307.6,305,304.1,304.6,304.3,305,300,300.6,303.2,300.7,301.1,301.4,307,301.4,302.1,302.9,304.2,NA,303.3,308.1,312.7,307.1,306.4,307.1,310.5,311.9,310.8,311.7,314.5,315.2,320.4,315.5,313.5,314.7,314.9,323.5,319.8,318.1,46.355,113.719,192.35,187.306,11,64,NA,NA,NA,NA,NA,NA,NA,NA,NA,NA,NA,NA,NA,NA,NA,NA,NA,NA,NA,NA
40,1219,11/10/2023,4/9/2024,151,1,1,1,50.2,84.8,82.3,76,74,90.7,68.1,75.5,75,69.6,59.8,52.9,43.1,51,41.2,42.1,38.7,47,49,39.7,28.9,33.3,33.3,41.7,32.8,59.8,47,46.1,48.5,47,48.5,36.8,51,NA,78.4,64.2,50,47.5,46.1,26.5,36.8,57.3,40.2,52.4,41.7,36.3,80.4,49.5,45.1,35.8,48,50,44.6,65.7,292.9,298,301.5,303.1,305.3,309.2,313.2,314.5,316.6,318.5,320.4,317.6,321.1,315.7,316.4,316.8,315.4,316.1,316.9,313.3,312.5,314.5,310.6,309.1,308.9,309.8,311.3,313.2,315.6,314.1,314.7,313.4,313.4,NA,313.2,318.4,315.7,315.3,314.6,312.6,311.8,314.9,312.9,315,312.7,310.4,314.9,315.6,312.8,311.6,314.9,315.5,314,314.3,71.271,94.494,204.069,198.149,8,75,NA,NA,NA,NA,NA,NA,NA,NA,NA,NA,NA,NA,NA,NA,NA,NA,NA,NA,NA,NA
41,1218,11/7/2023,4/9/2024,154,1,1,1,47.1,80.9,88.2,94.1,82.3,95.6,79.4,100.9,89.7,72,63.2,100.5,56.4,60.8,52.9,74,73.5,54.4,69.6,43.1,44.6,55.4,65.7,57.8,42.1,62.7,61.3,63.7,54.4,43.1,65.2,60.8,64.7,NA,97.5,66.2,58.3,57.8,46.6,40.2,48.5,81.3,55.9,59.3,51.9,54.4,108.8,51,54.9,40.7,45.1,65.7,58.3,61.3,317.4,321.5,326.5,331.9,333.5,337.6,340.6,348.6,348.1,350.4,349.5,355.4,339.1,354.3,354.3,361.2,361.8,359.8,361.5,354.2,354.9,360.1,358.7,355.4,355.8,356.3,358.7,360.6,361.1,356.8,361.7,362.5,362.5,NA,358.4,362.4,363.7,362.4,362.6,359.3,359.6,365.2,364.8,366.7,364.4,367.75,371.1,367.6,369.9,367.3,366.9,373.8,374.3,368.7,69.792,130.735,222.296,219.084,10,80,NA,NA,NA,NA,NA,NA,NA,NA,NA,NA,NA,NA,NA,NA,NA,NA,NA,NA,NA,NA
42,1220,11/9/2023,4/9/2024,152,1,1,2,60.1,68.1,111.2,76.9,81.3,92.6,81.8,87.7,87.7,77.9,66.6,84.3,64.7,63.7,76,68.6,78.4,53.4,64.2,53.4,48,56.8,59.8,57.3,57.8,71.5,74.5,55.9,59.8,49,64.7,57.8,69.1,NA,102.9,73.5,66.6,49.5,50.5,69.6,60.8,58.3,52.9,65.2,62.2,55.4,75,52.4,65.2,44.1,72.5,76.9,44.6,78.9,310.9,310.4,322.6,321.6,323.7,326.4,330.9,336.7,336.5,338.5,336.7,341.2,344.8,342.2,345.2,349.7,350.1,346.3,344.8,338.9,340.8,345.2,352.8,340.3,344.3,344.7,346.5,347.5,347,343.8,346.7,348.4,347.2,NA,345.4,349.6,351.5,349.4,346.7,351.6,351.7,349.2,352,354.8,352.2,349.6,350.1,350.2,355.3,352.1,355.1,363.1,354.5,355.6,55.005,106.471,230.16,223.661,10,70,NA,NA,NA,NA,NA,NA,NA,NA,NA,NA,NA,NA,NA,NA,NA,NA,NA,NA,NA,NA
43,1218,11/7/2023,4/9/2024,154,1,1,2,39.4,49,75.5,67.1,66.2,74,71.1,59.3,60.3,67.1,67.1,64.7,46.1,59.3,51.9,55.4,41.2,61.3,56.4,45.1,29.4,40.2,38.2,28.4,37.2,57.8,57.3,48,48,38.7,59.8,61.7,56.4,NA,71.5,62.7,60.8,47.5,30.4,46.1,59.8,63.7,43.1,64.7,50,48,84.3,49.5,35.3,43.6,43.1,64.7,48,67.6,288.3,285.3,286.7,291.8,292.4,295.7,296.8,297.6,297.6,300.6,303.9,302.1,305.8,305,303.8,305.7,305.4,308.6,307.9,306.1,302,303.2,300.6,296.4,297.3,300.4,300.4,302.6,304.3,300.7,308.1,307.9,308.8,NA,305.7,312.6,315,310.9,306.7,311.4,314.2,317.4,311.6,317.3,318.6,318.5,318.8,321.2,317.8,320.5,319.5,327,324.6,324.3,72.34,113.538,191.508,191.344,12,92,NA,NA,NA,NA,NA,NA,NA,NA,NA,NA,NA,NA,NA,NA,NA,NA,NA,NA,NA,NA
44,1219,11/10/2023,4/9/2024,151,1,1,0,55.2,53,38.8,57.7,54.9,48.4,50.8,53.9,53.9,59.8,49.9,88.4,57.4,50.2,53,53,54.9,57,45.6,46.5,53.6,58.9,51.8,55.5,53,53,51.2,55.5,60.1,54.2,48.4,53.3,61.7,NA,118.4,57,56.4,58.9,50.5,46.8,53.9,56.7,60.8,43.4,48.4,60.5,64.2,52.4,38.1,42.2,52.7,54.6,56.7,63.6,318.2,316.3,310.5,314.7,315,312,313.6,316.5,316.1,318,314.4,314.5,325.5,317.3,317.6,321.6,324.4,324.9,319.8,316.4,320.8,326.1,321,318.2,326.8,319.7,319.8,323.2,333.4,325.8,327.6,325.9,330.7,NA,328.7,335.3,336.7,334.4,334.3,333.1,333.8,336.2,339,335.9,330.7,335.6,332.5,333.9,329.8,330.7,333.8,341.6,338.8,327.8,62.678,73.623,226.904,233.705,8,63,NA,NA,NA,NA,NA,NA,NA,NA,NA,NA,NA,NA,NA,NA,NA,NA,NA,NA,NA,NA
45,1219,11/10/2023,4/9/2024,151,1,1,2,44,43.6,82.8,67.1,76,81.3,85.7,81.3,72,65.2,67.6,57.8,53.9,37.2,41.7,50.5,51.5,60.8,61.7,58.8,51.9,44.1,52.4,56.4,43.1,52.9,52.4,45.6,58.8,61.3,43.1,65.2,49,NA,101.9,54.4,55.9,46.1,41.7,53.4,51.9,51.5,43.1,53.9,60.3,59.8,67.6,45.1,51.5,54.9,48.5,56.4,51.9,65.2,294.2,287.8,294.5,299.4,300.8,306.5,310,316.7,311.9,314.6,317.6,314.4,317.8,309.7,309.9,311.6,312.7,316.7,317.2,312.5,315.4,316.8,316.1,314.7,314.6,311.5,313.9,315.6,319.8,319.8,318.2,321.1,319.3,NA,322.6,324.5,324.5,322.8,323.3,327.4,327.6,325.8,324.8,327.7,330,329.9,325.9,327.5,328,332.6,331.1,333.8,334.2,335.2,56.808,103.57,212.788,208.568,9,56,NA,NA,NA,NA,NA,NA,NA,NA,NA,NA,NA,NA,NA,NA,NA,NA,NA,NA,NA,NA
46,1221,11/8/2023,4/9/2024,153,1,1,2,43.1,65.2,65.7,75,75,79.9,78.4,58.8,76.4,73.5,85.3,71.1,45.6,63.2,61.3,57.3,34.8,33.3,37.2,56.8,44.1,42.6,24.5,48,51,61.7,52.4,38.2,46.1,62.7,50.5,58.8,45.6,NA,98,53.4,52.4,51,57.8,45.6,54.9,40.2,51.5,59.8,57.3,54.4,70.6,52.9,66.6,58.8,51,70.6,32.3,68.1,285.1,288.8,289.1,295.8,297.2,298.4,302.7,303.8,308.9,314.1,314.9,313.8,315.1,314.3,316.3,316.6,311.3,308,305.3,307.6,308,308.8,300.6,302.5,305.5,305,303.8,303.6,306.9,308.1,309,308.5,305.7,NA,310.7,312.5,314.3,314.1,315.9,315.8,314.6,312.8,312.8,317,318.4,317.6,316.2,318.9,325.6,326,324.7,330.8,324.2,326.1,60.103,114.279,197.652,189.957,12,67,NA,NA,NA,NA,NA,NA,NA,NA,NA,NA,NA,NA,NA,NA,NA,NA,NA,NA,NA,NA
47,1221,11/8/2023,4/9/2024,153,1,1,0,36,38.8,40,47.1,48.1,42.8,37.2,46.5,45.9,55.5,49.9,43.1,38.1,46.5,45.9,38.4,38.1,36,45.6,40.6,43.4,41.5,46.2,60.8,42.8,49.3,41.2,39.1,40.3,48.1,49.3,53.3,56.4,NA,125.9,48.7,38.4,56.4,45.3,62.9,48.4,46.8,40.9,47.1,55.2,43.7,47.4,39.4,48.1,46.2,49,38.7,42.8,63.5,331.8,328.6,329.1,328,329.1,327.2,325.6,327.2,327.2,334.1,329.3,326.7,333.2,329.1,329.2,327.8,325.7,324.6,325,323.2,326.7,326.1,326.3,327,328.5,326.5,324.5,323.3,325.8,327.7,329.5,331.9,333.2,NA,340.1,335.8,333,337.7,338.2,339,337.4,338.2,332.6,340.9,339.5,335.9,330.8,335.2,338.2,339.2,338.5,340.4,340,339.7,89.777,91.551,220.306,225.639,10,70,NA,NA,NA,NA,NA,NA,NA,NA,NA,NA,NA,NA,NA,NA,NA,NA,NA,NA,NA,NA
48,1221,11/8/2023,4/9/2024,153,1,1,0,45.3,51.8,44.6,45.9,54.9,53.9,53.6,53.6,38.1,53,60.1,48.4,46.2,52.7,45.9,57.7,50.8,52.4,41.9,52.1,41.9,53.6,48.1,47.7,48.1,54.2,59.5,58.3,32.9,54.9,43.4,52.7,82.5,NA,67.3,31.3,47.1,43.4,44.6,48.1,53.6,55.5,52.4,50.2,43.7,52.4,62.9,38.4,40.9,43.1,54.3,50.5,47.7,58,336.1,336.9,333.5,335.6,338.8,334.9,335.9,339.3,333.9,337.5,338.9,334.3,339.3,337.6,337.9,343.9,338.5,342.4,335.6,337.7,337.6,343.1,336.2,335.2,339.1,337.2,336.4,337.3,341.9,342,340.6,339.7,337.9,NA,337.9,335.7,335.8,333.9,338.1,339,342.3,340.8,340.4,344.4,342.6,339.8,336.4,336.3,336.2,336.6,341.6,340.1,342.8,335.5,100.276,95.171,211.513,220.175,10,80,NA,NA,NA,NA,NA,NA,NA,NA,NA,NA,NA,NA,NA,NA,NA,NA,NA,NA,NA,NA
49,1218,11/7/2023,4/9/2024,154,1,1,1,39.1,75.5,85.8,71.5,73.5,71.5,54.9,59.8,56.4,59.8,65.2,63.7,45.1,50,57.3,51.9,46.6,47.5,49.5,61.3,38.7,42.1,51.9,43.6,40.2,69.1,60.3,41.7,36.8,45.1,40.2,52.4,51,NA,84.3,60.8,47,46.1,42.1,42.6,38.7,49,51.5,62.2,56.8,45.6,83.8,43.6,46.1,45.6,53.9,58.8,33.8,61.7,268.6,272.4,276.1,277.7,283.1,283.2,283.2,285.1,285.3,286.3,288.7,287.2,290.8,288.8,292.1,291.1,291.2,291.8,291.1,289.6,289.4,291,289.3,287.2,288.6,291.3,292.5,291,291.5,290.5,289.9,289.8,291.4,NA,290.6,293.9,293.4,293.5,292.9,291.7,289.3,291.7,291.3,296.7,297.3,296.5,299.1,296.8,296.8,298.7,299.3,301.7,298.5,300.5,54.735,93.184,190.711,188.846,8,88,NA,NA,NA,NA,NA,NA,NA,NA,NA,NA,NA,NA,NA,NA,NA,NA,NA,NA,NA,NA
50,1218,11/7/2023,4/9/2024,154,1,1,0,39.4,47.4,45.3,45.9,48.1,51.5,48.4,58.3,50.5,53.6,53.6,59.5,48.4,62.9,53,62.3,61.4,48.7,42.8,40.6,43.1,51.8,58.6,54.2,49,51.5,57.7,48.7,39.1,58,40.3,38.4,51.2,NA,106.3,38.1,45,42.5,40.3,58.9,48.1,44.3,45.9,48.1,59.2,58.3,56.1,45.6,49.6,42.2,48.7,49,48,63.5,302.3,305.1,303.9,303.3,305.2,305,303.4,305.2,304.4,305.6,305.5,308.3,313.1,311.8,316.7,321.2,317.7,315.5,312.1,308.5,312.9,314.2,315.1,311.9,316.2,314.8,315,312.8,309.2,315.6,315.1,312.6,315.3,NA,316.4,313.5,314.5,315.3,318.1,318.6,316.4,317,318.2,317.9,320.3,320.1,320.7,319.9,320.4,317.8,318.8,324.2,324.4,314.2,81.05,95.429,206.121,195.765,12,67,NA,NA,NA,NA,NA,NA,NA,NA,NA,NA,NA,NA,NA,NA,NA,NA,NA,NA,NA,NA
51,1220,11/9/2023,4/9/2024,152,1,1,1,48.1,84.3,102.9,89.2,88.2,116.6,78.9,92.1,88.7,85.3,88.7,94.6,51,47,46.6,63.7,64.7,46.6,63.7,64.7,42.1,42.6,50,58.3,46.6,79.4,60.8,52.9,60.8,52.9,51.5,64.2,61.3,NA,102.4,77.9,64.7,55.4,41.7,62.2,65.7,71.1,56.8,70.1,76,58.8,92.1,52.9,64.7,54.9,54.9,66.2,50,91.1,345.2,346.6,353.1,357.6,361.4,367.8,371.1,374.1,374.3,378.2,382.1,386.3,382.7,379.6,378.7,384.6,386.3,381.7,383.6,384,380.6,383.1,381.5,381.2,382.6,382.1,384,387.2,385.6,382,385.3,387.1,388.5,NA,386.5,392.1,395.5,393,392.4,394.2,394.1,395.1,395.8,399.8,403.1,399.1,403.4,403.8,405.4,406.6,404.9,406.8,404.4,408.4,109.026,175.397,206.723,212.581,13,69,NA,NA,NA,NA,NA,NA,NA,NA,NA,NA,NA,NA,NA,NA,NA,NA,NA,NA,NA,NA
52,1220,11/9/2023,4/9/2024,152,1,1,0,53.3,51.8,44,46.8,40.9,54.6,49.9,53.6,41.9,48,55.5,53,52.7,52.7,36.6,67.3,61.7,53.9,45.3,46.5,49.3,51.8,41.9,49,52.4,53,54.6,48,51.3,51.3,54.6,49,44.6,NA,112.8,49.6,53.3,55.8,49.9,48.4,43.4,53.9,56.4,54.6,52.7,48.4,64.5,47.4,45.6,44.3,49.9,53.9,51.8,62.6,323.5,321.4,318.5,316.5,316.6,319.5,322.2,321.3,318.3,320.2,320.7,316.9,323.4,321.9,322.3,329.9,330.3,328.3,324.3,322.4,325.8,329.8,321.1,319.5,325.1,323.4,322.4,320.2,321.65,323.1,329.2,325.3,322.5,NA,325.1,327.7,329.8,327.4,327.2,328.5,326.7,329.3,328.4,333.6,329.8,329.7,328.4,327.7,325.9,328,329.8,332.2,333.9,324.9,76.254,82.463,221.387,213.461,10,80,NA,NA,NA,NA,NA,NA,NA,NA,NA,NA,NA,NA,NA,NA,NA,NA,NA,NA,NA,NA
53,1220,11/9/2023,4/9/2024,152,1,1,1,51.1,94.1,107.8,95.1,109.3,105.4,98,101.4,92.6,83.8,81.3,85.3,58.8,59.3,66.2,69.1,61.7,66.6,69.6,72,63.7,50.5,59.8,63.7,45.6,75.5,71,51.5,55.4,53.9,50,55.9,66.2,NA,104.9,64.2,56.8,57.8,47.5,54.4,56.4,64.2,48,62.7,62.7,54.4,80.4,47.5,54.9,51.9,55.4,67.6,57.3,80.4,299.8,304,313.3,315.7,323.4,327.7,332.1,338.9,338.2,342,343.3,346.7,340.4,347.4,347.8,351,350,353.6,351.9,352.7,354,355.6,352.7,352.9,351.9,353.3,356.6,357.6,358.7,354.2,356.1,355.2,358.6,NA,355.1,359.8,359.2,359.3,356.9,357,357.1,360.1,357.4,359.2,359.3,357.4,358.2,359.4,359.5,358.1,359.9,365.2,364.6,359.6,71.797,137.009,199.692,200.137,8,50,NA,NA,NA,NA,NA,NA,NA,NA,NA,NA,NA,NA,NA,NA,NA,NA,NA,NA,NA,NA
54,1220,11/9/2023,4/9/2024,152,1,1,2,62.9,64.7,99.5,100.9,106.3,127.9,104.4,101.4,116.6,111.2,121.5,102.9,92.6,73,53.4,78.9,73.5,77.9,81.8,76.4,73.5,66.6,81.3,81.8,54.9,96.5,80.9,72.5,76.4,86.7,72.5,83.8,89.7,NA,136.7,73.5,82.8,74,71.5,74,73,75.5,64.7,83.8,81.3,67.6,117.6,67.6,65.2,69.6,77.9,95.1,73,98,372.7,370.3,379.4,381.2,389.5,395.3,400.1,406.3,410.1,417.3,421.3,425.7,430.2,423.7,420.6,426.3,426.8,428.8,430.7,428.1,430.5,433.9,434.2,434.8,433.7,437.8,441.9,442.7,447.5,443.6,446.6,452.4,459.9,NA,453.4,457.5,462.2,462.5,463.5,464.5,464.2,465.8,464.9,469.9,471,467.7,474.5,474,471.2,474.9,475.5,486.3,486,481.8,116.389,221.774,230.101,232.071,9,100,NA,NA,NA,NA,NA,NA,NA,NA,NA,NA,NA,NA,NA,NA,NA,NA,NA,NA,NA,NA
55,1221,11/8/2023,4/9/2024,153,1,1,1,53.6,108.8,100.2,91.6,78.4,99.5,91.1,89.7,77.4,58.8,68.1,54.4,50,52.4,50.5,64.2,54.4,54.9,38.2,34.3,44.6,48.5,54.9,35.8,64.2,54.9,65.7,51.9,54.4,68.1,65.7,60.3,60.3,NA,108.3,60.8,50.5,47,45.1,44.6,68.6,70.6,57.3,43.6,47.5,49.5,71.5,52.9,51.5,55.4,51,47.5,56.8,83.8,281.3,285,287.4,291.6,296.1,303.1,306.9,310.3,309.9,309.8,312.4,310.5,311.7,309.7,310.6,315.7,314.5,313.2,308,303.5,306.5,307.6,307.5,304.3,307.5,305.2,307.1,308.9,311.1,315,316.7,315.1,313.7,NA,315.8,318.3,318.4,314,314.3,315.8,320,324,322.2,320.5,317.8,318.3,320.6,321.7,319.3,323.6,320.7,321.1,323.3,324.8,61.775,116.865,188.288,183.487,10,80,NA,NA,NA,NA,NA,NA,NA,NA,NA,NA,NA,NA,NA,NA,NA,NA,NA,NA,NA,NA
56,1219,11/10/2023,4/9/2024,151,1,0,2,64.2,66.2,93.6,83.3,86.7,93.1,92.1,97.5,85.3,91.1,85.3,96.5,72,65.7,78.4,86.7,83.3,77.4,75,81.3,77.9,76.4,73,88.7,58.8,102.4,74,62.2,70.6,76.9,68.6,78.9,78.9,NA,136.2,74.5,81.3,76.4,80.4,74.5,75,85.3,88.7,70.1,85.3,66.6,120.5,63.2,68.6,79.4,79.9,79.9,82.3,100.9,496.4,488.2,494.3,498.2,500.8,503,505.7,510.7,505.4,511.3,511.2,512.8,516.1,506.9,510.5,515.4,517.2,517.7,518.4,516.9,519.1,522.1,520.3,517.4,517.1,522.1,520.9,520.7,523.3,523.7,527.9,528.6,531,NA,533.2,536.2,540,539.1,544.9,544.1,544.4,545.3,551.2,552.5,553.2,552.7,557.2,553.9,554.3,558.1,561.2,565.2,568.7,562.7,68.061,142.421,388.623,384.471,13,77,NA,NA,NA,NA,NA,NA,NA,NA,NA,NA,NA,NA,NA,NA,NA,NA,NA,NA,NA,NA
57,1219,11/10/2023,4/9/2024,151,1,0,0,45.3,58.6,66.3,69.4,62.3,77.2,60.8,61.4,69.1,51.8,59.8,70.1,54.9,76.3,81.5,58.9,76.9,54.3,80.3,71,58.9,50.5,84.9,82.9,82.9,80.9,69.1,53.3,69.1,86.8,65.4,67.9,70.7,NA,138.6,54.6,69.1,78.4,62,69.1,72.5,73.8,74.1,58.6,73.2,75,84.3,57,65.4,69.8,64.5,66.7,48,100.1,509.8,512.4,515.2,515.3,511.6,515.2,514.9,513,513.2,509.1,514.3,511.5,517.7,516.4,521.9,521.4,527.1,520.7,524.5,517.2,519.8,527,525.6,528.05,530.5,526.5,527.2,528.4,531.1,532.6,535.4,533.3,532.4,NA,531.8,530.7,532.8,536.1,535.3,536.4,535.5,540.8,538.7,539.1,537.5,545,543.2,540.6,538.6,544.5,543.7,547.5,539.3,541.9,84.188,102.436,400.176,398.212,13,54,NA,NA,NA,NA,NA,NA,NA,NA,NA,NA,NA,NA,NA,NA,NA,NA,NA,NA,NA,NA
58,1218,11/7/2023,4/9/2024,154,1,0,0,80,82.1,79.1,74.1,84.3,93.3,67.6,75,75.9,75.6,63.9,85.6,60.5,83.7,71.3,73.8,74.4,73.2,74.1,84.9,71.3,72.2,71.3,75,61.7,80.9,80.3,61.1,69.1,87.7,69.4,71.6,70.7,NA,155.3,62.3,74.1,76.9,71.6,68.8,77.2,78.4,71.9,63.9,76.6,64.5,90.8,54.9,66,67,65.7,70.7,62,103.5,529.4,533.5,532.5,533.2,533.5,536.1,534.8,539.4,530.6,539.7,537.2,541,546.3,545.8,541.3,546,552.2,553.9,545.6,548.7,550.3,555.8,555.6,547.9,555.8,548.9,551.7,555.1,553.6,561.6,560.1,561.1,560.1,NA,565.4,560,568.8,567.7,568.1,571.1,570.3,574,570.5,571.6,577.5,568.8,567.4,566.7,570.4,570.9,569,574,571.5,575.1,106.011,148.262,388.091,387.086,12,67,NA,NA,NA,NA,NA,NA,NA,NA,NA,NA,NA,NA,NA,NA,NA,NA,NA,NA,NA,NA
59,1218,11/7/2023,4/9/2024,154,1,0,1,77.8,121,139.2,112.7,133.3,128.4,125,125.4,124,114.7,112.7,125.4,109.3,107.8,110.7,112.2,101.9,88.7,104.4,110.3,72.5,74.5,73,100.9,59.8,102.4,93.6,72.5,67.1,85.8,70.1,88.7,80.4,NA,149.9,80.9,89.7,86.2,89.7,76.9,84.8,81.3,82.8,72.5,79.9,72.5,111.2,68.6,69.6,60.3,67.6,75.5,81.3,102.9,523.7,533.8,543.1,544.7,553,554.1,563.2,568.5,570.1,575.65,581.2,586.5,594.6,593.7,598.8,603.2,613.7,610.1,614.2,617.4,614.7,618.2,616,620.2,620.5,623.2,624.4,624,624.7,625.6,625.1,627.5,634.2,NA,626.3,634.5,638.2,638.8,644.7,643.8,644,645.1,648.2,651.4,651.2,651,649.8,651.6,653.4,650,649.5,654.7,654.6,651.8,106.968,240.614,382.9,376.843,15,73,NA,NA,NA,NA,NA,NA,NA,NA,NA,NA,NA,NA,NA,NA,NA,NA,NA,NA,NA,NA
60,1218,11/7/2023,4/9/2024,154,1,0,2,76.9,58.3,83.8,99,87.2,109.3,89.7,99.5,92.1,89.2,80.4,93.6,83.3,76.4,78.4,129.9,50,64.7,90.7,77.9,65.2,74,63.7,103.4,51,97.5,91.1,69.1,71.5,85.8,74.5,84.8,65.2,NA,150.4,76,93.6,74.5,87.2,80.4,77.4,89.2,86.2,86.7,79.9,86.2,117.6,79.9,59.8,74,74,89.7,62.2,112.2,525.5,522.1,524.9,530,530.6,534.1,536,540.9,541.8,544.1,546.5,546.3,549.4,546.6,550.2,555.9,556.7,553,556.3,553,554.4,559.1,554,561.6,559.6,560.7,564.8,565,566.4,570,571.2,574.9,572.1,NA,575,576.6,581.7,578.5,587.5,586.7,585.7,589.8,592.2,596.2,596.7,594.8,599.4,601.5,597.9,602.3,599.4,608.2,605.3,608.1,118.866,211.68,364.878,362.883,12,67,NA,NA,NA,NA,NA,NA,NA,NA,NA,NA,NA,NA,NA,NA,NA,NA,NA,NA,NA,NA
61,1218,11/7/2023,4/9/2024,154,1,0,1,69.4,111.7,117.6,68.1,122.5,109.3,100.9,95.6,107.8,101.4,94.6,102.4,79.9,90.7,100.5,96.5,91.1,91.1,103.4,84.8,59.3,65.2,71.5,87.7,61.7,102.4,78.4,67.6,58.3,75.5,80.4,70.1,87.7,NA,147.5,90.6,73.5,74,90.2,66.2,83.3,78.9,87.7,76,71.5,83.3,98.5,66.2,65.7,74.5,61.7,85.3,77.4,104.9,505.1,511.2,512.6,512.2,522.1,524.9,529.1,530.1,531.9,538.2,542.8,538.8,546.8,542.8,547.2,550.1,558.2,557.3,563.8,557.5,553.5,555.8,556.5,557.4,558.1,563.8,565,561.5,565.9,564.9,570.4,571.7,571.3,NA,574.5,581.6,582.3,581.5,588.2,588.6,587.8,589.5,592.3,595.8,592.3,594.9,595.7,595.2,594.4,597.3,596.6,604.8,605.8,604.2,103.417,196.816,360.827,372.807,10,60,NA,NA,NA,NA,NA,NA,NA,NA,NA,NA,NA,NA,NA,NA,NA,NA,NA,NA,NA,NA
62,1218,11/7/2023,4/9/2024,154,1,0,0,70.4,66.3,62.6,67.6,68.2,76.6,65.7,66.7,72.2,67.3,61.7,73.2,57.7,70.7,67,70.7,61.1,67,66,74.7,59.5,68.8,64.8,80.6,55.8,81.8,79.1,62.6,68.8,78.1,69.7,68.2,84,NA,150,65.4,70.7,71.3,74.4,66.6,71.9,78.1,68.8,67.3,84,75.3,81.2,57.3,70.4,61.7,70.7,65.7,66,93.6,546.7,543.1,542.85,542.6,539.5,535.7,541.2,543.6,541.6,540.9,542.9,536.4,543.7,540.7,541.4,545.4,546.7,546.4,544.5,538.6,540.8,545.2,543.9,542.1,546,544.7,546.7,550.9,557.4,548.6,553.1,553.4,553.8,NA,555.3,561,560.4,560.6,563.4,563.5,562.3,565.9,565,568.7,572.9,573.3,564.9,564.6,567.4,567.3,570,574.5,574,568.8,106.701,134.927,408.401,397.144,7,71,NA,NA,NA,NA,NA,NA,NA,NA,NA,NA,NA,NA,NA,NA,NA,NA,NA,NA,NA,NA
63,1218,11/7/2023,4/9/2024,154,1,0,2,69.8,83.8,88.2,96.5,110.3,113.7,97,98,105.8,111.2,107.3,113.2,100.9,86.2,100,97,95.6,78.9,99.5,100,79.9,77.9,71.1,99.5,67.1,110.3,90.2,70.1,77.4,76.9,73,88.7,79.4,NA,144.1,90.7,90.2,58.8,88.7,86.2,72,113.7,79.4,93.6,82.8,85.3,137.7,61.7,79.9,83.8,78.4,93.6,84.8,104.9,533.4,533.4,536.3,539.6,541.2,545.1,545.2,551.2,552.8,558.9,558.4,561.7,570.5,565.8,569.1,576.2,577.2,577.8,579.7,580.3,582.9,586.4,581.7,586.9,590.4,592.9,595.6,591.1,601,597,596.1,602.1,602.7,NA,604.2,612.6,616.8,613.1,618.6,622.3,619.6,627.6,628.7,632.6,633.3,633.6,640.3,637.7,642.2,643.3,641.8,650.7,649.2,646.2,110.534,233.037,385.8,378.509,11,82,NA,NA,NA,NA,NA,NA,NA,NA,NA,NA,NA,NA,NA,NA,NA,NA,NA,NA,NA,NA
64,1221,11/8/2023,4/9/2024,153,1,0,0,71.9,75.3,83.4,78.7,93,86.5,81.8,88,83.7,105.1,74.1,93,89.6,86.8,91.4,73.5,86.2,81.5,91.1,87.1,85.2,82.5,89.9,98.6,69.8,98.6,100.4,74.7,78.4,95.8,74.1,80.9,90.8,NA,183.2,74.4,88.3,85.9,83.4,65.1,96.4,79.7,85.9,69.1,87.1,84.3,100.4,69.1,69.4,77.5,69.8,77.2,83.7,114.7,596.1,594.8,593.1,597.8,597.4,597.8,598.6,605.4,599.1,608.4,603.5,602.1,618.1,610.6,615.1,614.8,618.1,613.2,615.2,613.1,614.1,622.9,622,622.9,630,622.4,629,628.1,634.8,628.7,633.4,634,630.3,NA,633.75,637.2,638.4,635.2,638.9,633.1,636.3,639.7,642.8,636.6,636.6,641.9,638.1,639.9,640.2,644.1,641.6,648.7,652.1,649.5,103.302,164.092,467.932,435.117,9,78,NA,NA,NA,NA,NA,NA,NA,NA,NA,NA,NA,NA,NA,NA,NA,NA,NA,NA,NA,NA
65,1221,11/8/2023,4/9/2024,153,1,0,1,79.1,114.2,140.6,100,125.4,131.3,108.3,131.8,114.2,118.1,98,137.7,82.3,95.6,97.5,103.9,99,89.7,101.4,78.9,75.5,84.8,87.2,107.8,80.4,124.5,97,92.6,83.3,103.4,98.5,108.8,99.5,NA,200.4,89.7,108.8,97.5,91.6,88.7,100,113.2,102.9,79.9,108.8,90.2,131.3,85.8,83.3,90.7,87.7,97.5,84.3,146,570.2,576,581.2,584.9,592.4,591.8,597.1,605.9,606.4,608.8,615.3,620.4,620.2,620.4,621.5,630.1,632.1,630.7,632.1,627.5,629.3,631.9,629.9,630.5,632.1,636.2,640.2,640.4,635.7,636.6,641.1,647.6,649.3,NA,652.5,660.1,663.9,664.1,666.6,672.5,672.5,679.8,678.3,682.4,684.4,682.7,687.2,688.4,686.2,687.8,687,697.1,695.1,698.1,94.24,204.237,429.115,444.419,8,88,NA,NA,NA,NA,NA,NA,NA,NA,NA,NA,NA,NA,NA,NA,NA,NA,NA,NA,NA,NA
66,1221,11/8/2023,4/9/2024,153,1,0,2,76,79.9,116.1,110.3,106.8,112.2,107.8,110.7,111.7,105.4,109.3,119.1,78.9,91.1,90.7,100,82.8,86.2,99.5,101.4,87.7,85.8,78.4,92.1,76.4,100.9,88.7,83.3,77.9,92.1,81.3,73.5,77.4,NA,143.6,68.1,80.9,75.5,89.2,73.5,80.9,101.9,80.9,81.8,74,72,130.8,71,67.1,84.3,69.6,80.4,75,59.8,581.9,581.1,587.7,588.9,593.7,591.9,601.9,606,608.7,612,614.7,619.7,627.8,621.4,625,628.8,632.3,633.6,635.6,634.8,636.9,643.2,640.3,643.2,647.7,648.7,648.3,651,653.3,654.5,657.7,658.3,658.3,NA,654.2,655.5,663.6,663.6,667.9,665.1,666,672.6,670.9,674.9,671.6,674.4,678.9,679.05,679.2,682.3,678.7,681.4,684.9,671.7,155.689,264.226,379.189,374.166,7,71,NA,NA,NA,NA,NA,NA,NA,NA,NA,NA,NA,NA,NA,NA,NA,NA,NA,NA,NA,NA
67,1221,11/8/2023,4/9/2024,153,1,0,0,81.5,76.9,71.9,67.3,70.4,76.6,59.5,72.2,71.3,71,71.9,69.4,56.4,76,74.1,65.1,66,72.9,77.2,75.3,59.5,68.2,80.9,86.2,60.5,75,76.6,69.4,61.7,82.5,66,71.6,76.3,NA,150,59.8,76.3,72.5,66.7,65.1,74.4,72.9,77.2,65.7,76.6,71,94.9,56.1,63.9,69.4,72.2,78.1,60.8,96.7,547.7,546.2,545.3,544.1,537.6,537.2,535.7,537.6,536.1,537.4,536.5,528.7,538.2,532.7,531.7,535.2,538.7,540.2,537.2,536,532.4,537.4,537.5,535.8,538.6,532.3,535.1,536.9,532.7,531.7,536.2,537.6,534.9,NA,532.2,536.8,542.1,540.6,540.2,540.4,540.1,536.9,540.1,544.4,544.2,543.3,544.3,540.2,541.4,543.9,543.8,549.9,545.5,541.3,108.312,137.132,394.958,356.039,8,88,NA,NA,NA,NA,NA,NA,NA,NA,NA,NA,NA,NA,NA,NA,NA,NA,NA,NA,NA,NA
68,1220,11/9/2023,4/9/2024,152,1,0,2,60.5,78.4,100.5,116.6,100.5,112.2,104.9,101.9,113.2,96,99,92.1,81.8,74.5,84.8,99.5,83.8,76.4,93.1,90.7,77.4,56.8,40.2,72.5,75,89.7,82.8,82.8,82.8,93.6,74,114.2,96.5,NA,173.5,87.2,105.8,109.8,112.7,87.2,113.2,116.1,101.4,94.1,107.8,96,131.3,84.3,79.9,92.6,83.8,90.2,99.5,119.1,521.2,524.3,528.6,538.7,537.2,537.4,544.8,545.9,552.2,551.2,550.2,549.3,554.8,548.5,551.4,555.7,555.2,555.1,561.9,554.6,554.6,543.8,532.6,546.1,549.4,546.8,548.3,552.6,558.6,554.1,557.9,567.1,570.6,NA,567.9,577.9,581.7,586.2,592.7,592.6,598.1,607.1,606.8,609.7,615.2,613.2,621.1,617.7,619.8,619.4,621.1,626.3,629.1,620,104.291,177.99,385.459,396.397,10,80,NA,NA,NA,NA,NA,NA,NA,NA,NA,NA,NA,NA,NA,NA,NA,NA,NA,NA,NA,NA
69,1220,11/9/2023,4/9/2024,152,1,0,1,71.9,133.3,131.8,120.5,125.4,141.1,118.6,108.8,120.5,115.2,109.8,121.5,82.8,111.7,88.2,108.3,97,101.4,107.3,109.8,71.5,85.8,85.8,108.8,68.1,114.7,88.7,77.9,68.6,109.3,67.6,96,84.8,NA,163.7,76.9,83.3,75.5,76.9,74,82.3,92.1,77.9,78.4,82.8,86.7,104.4,67.6,60.8,60.8,65.7,69.6,86.2,114.7,512.1,520.3,527.5,532.2,537.3,543.6,549.7,552.3,556,563.6,565.6,569.4,571.3,571.3,573.1,584.5,584.5,586.4,592.5,593.7,590.8,597.7,597,597.3,600,603.7,603.9,605.3,604.9,607,609.9,613.9,616.3,NA,613.5,619.9,616.3,614.3,618.1,620.5,622.3,625.8,624.6,630.3,627.3,628.6,628.7,627.8,627.7,625.9,628.3,634,634.8,631.7,93.009,200.956,378.253,382.419,10,70,NA,NA,NA,NA,NA,NA,NA,NA,NA,NA,NA,NA,NA,NA,NA,NA,NA,NA,NA,NA
70,1220,11/9/2023,4/9/2024,152,1,0,1,80.3,127.4,153.9,144.3,134.8,147,125,142.1,140.1,122,134.3,130.8,97.5,105.4,97.5,119.1,111.2,99.5,115.2,127.4,74.5,92.1,102.9,117.1,87.2,129.9,137.2,87.7,40.7,130.3,86.7,110.3,112.2,NA,212.2,104.4,98,114.2,109.8,91.1,97,116.1,111.7,91.1,101.4,104.9,133.3,77.9,80.9,99.5,95.6,98,93.1,134.8,594.1,599.2,610.5,618.7,622.9,627.6,633.8,640.6,646.2,651.2,654.3,657.4,659.9,661.6,664.7,675.4,680.7,680.7,680.2,683.2,682.4,683.7,686,681.1,691.1,693.1,700.4,703.3,690.7,702.6,703.2,711.3,711.3,NA,712.6,718.7,725.2,729.2,731.8,735,731.7,737.2,742,744.9,746.2,748,751,748.6,749.5,753.9,754.5,760.9,760,754.9,135.568,277.041,408.971,434.863,10,80,NA,NA,NA,NA,NA,NA,NA,NA,NA,NA,NA,NA,NA,NA,NA,NA,NA,NA,NA,NA
71,1220,11/9/2023,4/9/2024,152,1,0,0,71.3,73.8,70.7,76.3,68.8,74.7,68.2,71.3,63.9,69.8,74.1,75.6,60.4,79.7,65.4,72.8,73.2,76.9,76.6,77.5,55.2,64.8,73.8,82.2,59.8,78.4,80.3,62.9,67.3,79.7,73.8,70.7,83.1,NA,157.8,65.4,80.9,84.3,73.2,70.1,78.4,74.7,80.9,68.8,82.2,75,89.3,69.7,67,71.9,76.3,76.3,78.4,110.1,528,527.4,527.1,527.6,527.2,520.7,523.5,526.6,524.1,520.6,525.9,519.1,524.8,520.1,520.8,522.4,527.8,528.2,527.1,526.3,521.5,524.8,526,521.5,524.8,524,526.7,524.6,525.3,524.5,531.5,532.3,535.3,NA,533.5,541.8,544.3,544.8,545.9,552.4,550.3,552.4,551.5,554.9,558.2,552.1,552.4,553.5,549.8,552.8,556.9,563.7,565.9,560.4,103.099,122.421,393.572,393.457,10,90,NA,NA,NA,NA,NA,NA,NA,NA,NA,NA,NA,NA,NA,NA,NA,NA,NA,NA,NA,NA
72,1220,11/9/2023,4/9/2024,152,1,0,2,69.1,79.9,94.6,82.3,84.8,89.2,90.2,100,111.7,80.9,103.4,114.7,86.2,105.4,91.1,116.1,87.2,91.1,100.9,118.1,83.3,88.2,85.8,109.3,83.3,125,110.7,85.3,76.4,112.7,81.3,106.8,96,NA,190.6,86.7,104.4,83.8,91.6,85.3,91.6,97.5,95.6,84.3,99.5,79.9,135.2,71.5,86.2,78.9,85.3,88.2,93.6,142.6,590.6,584.5,590.8,589.1,591.8,586.9,588.4,596,598.4,595.6,601.5,599.7,602.7,606.8,606.5,615.6,615.8,617.9,622.5,622,624.6,626.7,624.4,626.3,630.4,630.6,635.8,638.6,637.5,639.8,643.3,648.5,651,NA,652.7,659.5,661.1,662.2,666,664.9,664.9,671.1,673.5,672.1,673.7,675.6,676.6,677.8,677.3,674.5,678.4,682.5,685.1,689.6,127.068,223.173,427.639,424.035,10,80,NA,NA,NA,NA,NA,NA,NA,NA,NA,NA,NA,NA,NA,NA,NA,NA,NA,NA,NA,NA
73,1219,11/10/2023,4/9/2024,151,1,0,1,79.7,116.1,123.5,112.2,110.3,113.7,100.9,98,99.5,79.9,96.5,89.2,88.7,92.6,83.3,93.6,84.3,65.2,84.3,76.9,76,60.3,67.1,78.9,76,82.3,79.9,56.8,65.7,68.6,78.9,90.7,68.1,NA,139.7,92.6,78.4,79.4,88.7,55.9,76,85.3,89.7,85.3,72,78.4,98,67.1,73,77.9,66.2,99,62.7,125.9,491.5,490.5,498.5,502.5,505,506.1,512.1,512.8,516.4,516.3,521,519.1,521.6,524.1,525,533.6,534.6,532.8,534.8,532.9,536.6,538.3,536.3,536.4,542.6,539.8,541,540.8,544.4,539.8,544.6,551.7,549.8,NA,547.7,556.6,558.7,556.2,561.6,559.8,557.4,564.1,566.6,570.7,566.7,566.75,566.8,564.8,566.3,570,570.3,578.1,577.1,578.7,71.685,155.822,377.107,379.991,8,63,NA,NA,NA,NA,NA,NA,NA,NA,NA,NA,NA,NA,NA,NA,NA,NA,NA,NA,NA,NA
74,1219,11/10/2023,4/9/2024,151,1,0,1,75.6,113.7,155.3,96,103.9,110.3,116.1,118.1,117.1,99.5,112.7,135.2,108.8,95.6,115.2,122,110.7,105.4,111.2,125,91.6,94.6,104.9,106.3,67.6,103.9,100,100,77.9,100.9,74.5,94.1,104.4,NA,166.1,98,75.5,77.9,76.4,78.9,89.7,92.1,100.9,77.4,84.8,92.6,116.1,71.5,76,78.9,75.5,84.8,76.9,125.9,527.9,532.5,536.35,540.2,542.4,541.3,549.9,556.1,560.6,565.1,565.9,571.5,579.8,579.6,586.3,592.7,597.7,598.1,600.9,603.7,605.8,609.8,609.5,611.2,610.4,609.5,613.2,616,614.2,616.4,618.4,619.3,623.9,NA,622,628.8,627.7,627.4,630.6,631.3,627,631,634,635.8,635.1,634.9,634.2,635.6,635,635.2,636.7,640.5,638.4,640.2,85.879,184.8,411.026,412.98,13,77,NA,NA,NA,NA,NA,NA,NA,NA,NA,NA,NA,NA,NA,NA,NA,NA,NA,NA,NA,NA
